run_id,total_demand,total_resource,observation_period
1,24191195745,1920,7850735
2,24191195745,1920,18557355
3,24191195745,1920,35022217
4,24191195745,1920,52007617
5,24191195745,1920,69029598
6,24191195745,1920,86059798
7,24191195745,1920,103089998
8,24191195745,1920,120120198
9,24191195745,1920,137150398
10,24191195745,1920,154180598
11,24191195745,1920,171210798
12,24191195745,1920,188240998
13,24191195745,1920,205271198
14,24191195745,1920,222301398
15,24191195745,1920,239331598
16,24191195745,1920,256361798
17,24191195745,1920,273391998
18,24191195745,1920,290422198
19,24191195745,1920,307452398
20,24191195745,1920,324482598
